2_y,
Time,Acceleration
TIME,ACCEL
0,-0.021575611
0.005,-2.12E-02
0.01,-4.93E-01
0.015,-4.76E-01
0.02,-4.58E-01
0.025,-4.41E-01
0.03,-0.423657087
0.035,-0.407319208
0.04,-0.391756054
0.045,-0.377350085
0.05,-0.364160141
0.055,-0.342918937
0.06,-0.335171684
0.065,-0.329434793
0.07,-0.325776913
0.075,-0.324472629
0.08,-0.325678847
0.085,-0.329336727
0.09,-0.335858149
0.095,-0.344507615
0.1,-0.356236368
0.105,-0.369210566
0.11,-0.385234632
0.115,-0.401033145
0.12,-0.419587327
0.125,-0.436023272
0.13,-0.454646101
0.135,-0.469238396
0.14,-0.485213429
0.145,-0.495834031
0.15,-0.506935158
0.155,-0.500600063
0.16,-0.49454936
0.165,-0.485311495
0.17,-0.475318519
0.175,-0.463638799
0.18,-0.446604648
0.185,-0.430580582
0.19,-0.413997536
0.195,-0.400229
0.2,-0.383057556
0.205,-0.369141919
0.21,-0.355157636
0.215,-0.343124877
0.22,-0.331072504
0.225,-0.318304246
0.23,-0.305467341
0.235,-0.288668549
0.24,-0.271634398
0.245,-0.247912112
0.25,-0.216197406
0.255,-0.182187944
0.26,-0.146658451
0.265,-0.118023033
0.27,-0.090596775
0.275,-0.060297168
0.28,-0.01545528
0.285,0.024890258
0.29,0.065884997
0.295,0.096581773
0.3,0.129428167
0.305,0.103038472
0.31,0.073136044
0.315,0.02371248
0.32,-0.016305517
0.325,-0.055538982
0.33,-0.088636425
0.335,-0.130722645
0.34,-0.117464054
0.345,-0.13137969
0.35,-0.139558436
0.355,-0.144510794
0.36,-0.152679734
0.365,-0.171253529
0.37,-0.1883171
0.375,-0.260386171
0.38,-0.352127382
0.385,-0.336485775
0.39,-0.307909197
0.395,-0.293464001
0.4,-0.305359468
0.405,-0.301789847
0.41,-0.308576049
0.415,-0.342889517
0.42,-0.400591846
0.425,-0.483850304
0.43,-0.601392811
0.435,-0.657369169
0.44,-0.724368202
0.445,-0.766144531
0.45,-0.791504528
0.455,-0.779216796
0.46,-0.759574076
0.465,-0.718945125
0.47,-0.697115522
0.475,-0.590997762
0.48,-0.51410382
0.485,-0.420695478
0.49,-0.398169603
0.495,-0.420509152
0.5,-0.430217736
0.505,-0.407015202
0.51,-0.389686851
0.515,-0.342791451
0.52,-0.267093919
0.525,-0.156778914
0.53,-0.116306869
0.535,-0.06860242
0.54,0.004758775
0.545,0.074497188
0.55,0.149561219
0.555,0.251932839
0.56,0.384861979
0.565,0.471523345
0.57,0.512319009
0.575,0.507268585
0.58,0.45084112
0.585,0.416782625
0.59,0.413232618
0.595,0.467463392
0.6,0.56682437
0.605,0.689799761
0.61,0.883471292
0.615,0.92387469
0.62,0.98488186
0.625,1.027050455
0.63,1.095795071
0.635,1.151398777
0.64,1.231126841
0.645,1.30232312
0.65,1.391661702
0.655,1.46119085
0.66,1.550137166
0.665,1.624373506
0.67,1.724597469
0.675,1.821192972
0.68,1.891114386
0.685,1.976628374
0.69,2.107547152
0.695,2.23817173
0.7,2.364187182
0.705,2.458723288
0.71,2.560908581
0.715,2.621121412
0.72,2.676136719
0.725,2.709087063
0.73,2.763710103
0.735,2.792639721
0.74,2.835494781
0.745,2.858050076
0.75,2.929540555
0.755,2.996716107
0.76,3.03613884
0.765,3.011916415
0.77,2.928363757
0.775,2.933169015
0.78,3.039865367
0.785,3.088212152
0.79,3.080857164
0.795,3.036236907
0.8,2.959450837
0.805,2.868837391
0.81,2.767926963
0.815,2.671135327
0.82,2.585229073
0.825,2.500107351
0.83,2.387919275
0.835,2.282007455
0.84,2.132652176
0.845,1.941422501
0.85,1.71253529
0.855,1.500123251
0.86,1.242600622
0.865,1.032051846
0.87,0.79457401
0.875,0.540915201
0.88,0.22347394
0.885,-0.076492851
0.89,-0.410163136
0.895,-0.697497981
0.9,-1.020774199
0.905,-1.294183601
0.91,-1.579360983
0.915,-1.813739918
0.92,-2.050178249
0.925,-2.260530892
0.93,-2.461959483
0.935,-2.664859071
0.94,-2.842947835
0.945,-3.338772059
0.95,-3.44635101
0.955,-3.575014258
0.96,-3.621988111
0.965,-3.71505322
0.97,-3.736922049
0.975,-3.839107342
0.98,-3.889415457
0.985,-4.037397805
0.99,-4.144094157
0.995,-4.32110419
1,-4.444569913
1.005,-4.59961305
1.01,-4.71699865
1.015,-4.843798635
1.02,-4.985602794
1.025,-5.136331004
1.03,-5.351096639
1.035,-5.550760033
1.04,-5.843586602
1.045,-6.063647828
1.05,-6.374518633
1.055,-6.534268962
1.06,-6.730009696
1.065,-6.693627024
1.07,-6.742660274
1.075,-6.599581251
1.08,-6.585851941
1.085,-6.389620874
1.09,-6.075317742
1.095,-5.402679618
1.1,-4.486738508
1.105,-3.241588158
1.11,-1.767354463
1.115,-0.059746034
1.12,2.529331168
1.125,5.316184965
1.13,7.882193004
1.135,8.517761991
1.14,8.442544985
1.145,8.045571793
1.15,8.282989809
1.155,8.279459415
1.16,8.436170663
1.165,8.395374999
1.17,8.696733353
1.175,8.832556436
1.18,9.027805857
1.185,9.133620591
1.19,9.432232103
1.195,9.57354593
1.2,9.80665
1.205,9.574035281
1.21,9.80665
1.215,9.403988951
1.22,8.71056073
1.225,7.022149799
1.23,5.499275121
1.235,4.199992062
1.24,3.218052198
1.245,2.423321282
1.25,1.562787744
1.255,0.942056219
1.26,0.25309983
1.265,-0.187463921
1.27,-0.702479759
1.275,-0.985764458
1.28,-1.323799684
1.285,-1.475900825
1.29,-1.671151227
1.295,-1.723518738
1.3,-1.803148736
1.305,-1.797068613
1.31,-1.740680375
1.315,-1.604956339
1.32,-1.413824731
1.325,-1.130216413
1.33,-0.828554052
1.335,-0.51571211
1.34,-0.207047801
1.345,-0.026712334
1.35,-0.030800726
1.355,-0.200192953
1.36,-0.396414213
1.365,-0.736891294
1.37,-1.017538004
1.375,-1.356750028
1.38,-1.454424262
1.385,-1.546312572
1.39,-1.553961759
1.395,-1.483451946
1.4,-1.287318946
1.405,-1.210729009
1.41,-1.08853815
1.415,-1.010771416
1.42,-0.964689967
1.425,-1.136688802
1.43,-1.41833579
1.435,-1.687822532
1.44,-1.981433633
1.445,-2.289656642
1.45,-2.572480428
1.455,-2.860795938
1.46,-3.150386313
1.465,-3.408497341
1.47,-3.637384552
1.475,-3.760261876
1.48,-3.886767661
1.485,-3.960023337
1.49,-4.053872977
1.495,-4.155469871
1.5,-4.234119204
1.505,-4.303354153
1.51,-4.382101553
1.515,-4.341992354
1.52,-4.263441088
1.525,-4.130266781
1.53,-4.008272055
1.535,-3.855778647
1.54,-3.7268212
1.545,-3.571974196
1.55,-3.435759828
1.555,-3.347696111
1.56,-3.268066113
1.565,-3.241195892
1.57,-3.273067504
1.575,-3.314549634
1.58,-3.386432378
1.585,-3.452038867
1.59,-3.347794177
1.595,-3.200498294
1.6,-3.061832263
1.605,-2.858344276
1.61,-2.677803849
1.615,-2.379779756
1.62,-2.092248778
1.625,-1.721557408
1.63,-1.350767971
1.635,-0.925355494
1.64,-0.461569596
1.645,0.035649134
1.65,0.5494666
1.655,1.007927487
1.66,1.488159138
1.665,1.850809055
1.67,2.217185499
1.675,2.40488478
1.68,2.623965341
1.685,2.629555131
1.69,2.658484749
1.695,2.472354532
1.7,2.297992295
1.705,1.921220802
1.71,1.515911957
1.715,1.018812869
1.72,0.538159532
1.725,0.048761606
1.73,-0.44935051
1.735,-0.916186276
1.74,-1.426475309
1.745,-1.805110066
1.75,-2.283772652
1.755,-2.547963803
1.76,-2.87168132
1.765,-2.952488116
1.77,-3.066245256
1.775,-2.965629027
1.78,-2.914438314
1.785,-2.741350941
1.79,-2.591505329
1.795,-2.347417811
1.8,-2.136672902
1.805,-1.843356001
1.81,-1.566906537
1.815,-1.2555454
1.82,-0.924639609
1.825,-0.589036432
1.83,-0.176911966
1.835,0.259552606
1.84,0.875733845
1.845,1.443244681
1.85,2.017816304
1.855,2.454408362
1.86,2.896982477
1.865,3.186965117
1.87,3.489108004
1.875,3.663176041
1.88,3.919718005
1.885,4.073584344
1.89,4.242454857
1.895,4.243533588
1.9,4.242552923
1.905,4.108692151
1.91,3.972085516
1.915,3.733293589
1.92,3.451352401
1.925,3.101647262
1.93,2.568557768
1.935,2.010069051
1.94,1.453541663
1.945,0.920844435
1.95,0.391197075
1.955,-0.077596099
1.96,-0.545524326
1.965,-0.865319183
1.97,-1.183858788
1.975,-1.363908882
1.98,-1.590344431
1.985,-1.731462124
1.99,-1.843552134
1.995,-1.852181986
2,-1.832960952
2.005,-1.739111311
2.01,-1.615645588
2.015,-1.470605234
2.02,-1.225438984
2.025,-0.889639675
2.03,-0.501776861
2.035,-0.161084033
2.04,0.200987292
2.045,0.48866537
2.05,0.79252442
2.055,1.021264531
2.06,1.25946806
2.065,1.397937958
2.07,1.532779395
2.075,1.55925735
2.08,1.520717216
2.085,1.344393649
2.09,1.120802029
2.095,0.899593424
2.1,0.661782162
2.105,0.471719478
2.11,0.262131755
2.115,0.136891027
2.12,-0.010122424
2.125,-0.04509588
2.13,-0.105509747
2.135,-0.051175022
2.14,-0.064589539
2.145,0.01204845
2.15,0.049316662
2.155,0.173587512
2.16,0.25330577
2.165,0.418459562
2.17,0.574601043
2.175,0.789092092
2.18,0.990961983
2.185,1.219456928
2.19,1.442362082
2.195,1.674485488
2.2,1.905628228
2.205,2.207280782
2.21,2.491085233
2.215,2.704772137
2.22,2.911202119
2.225,3.031921981
2.23,3.136657003
2.235,3.13420534
2.24,3.119789565
2.245,2.987301723
2.25,2.84981249
2.255,2.590230465
2.26,2.353596
2.265,1.998497204
2.27,1.686449601
2.275,1.313993034
2.28,0.915646911
2.285,0.462089348
2.29,0.002438816
2.295,-0.515810177
2.3,-1.031169248
2.305,-1.570829197
2.31,-2.111862078
2.315,-2.645049638
2.32,-3.179904329
2.325,-3.666902568
2.33,-4.185380154
2.335,-4.608929367
2.34,-5.005118027
2.345,-5.27990036
2.35,-5.532127398
2.355,-5.643236743
2.36,-5.741989708
2.365,-5.707568367
2.37,-5.667557235
2.375,-5.50378618
2.38,-5.351194706
2.385,-5.116423505
2.39,-4.884202033
2.395,-4.539694418
2.4,-4.174788972
2.405,-3.741531175
2.41,-3.303468119
2.415,-2.824707466
2.42,-2.3538902
2.425,-1.870618488
2.43,-1.356357762
2.435,-0.853129517
2.44,-0.311125778
2.445,0.175588068
2.45,0.690976559
2.455,1.143847656
2.46,1.611232595
2.465,2.009382585
2.47,2.411945568
2.475,2.730367493
2.48,3.056928938
2.485,3.288365878
2.49,3.530099801
2.495,3.668765832
2.5,3.815963648
2.505,3.849796591
2.51,3.655036522
2.515,3.450960135
2.52,3.222661323
2.525,3.0008349
2.53,2.774203219
2.535,2.455683227
2.54,2.138634232
2.545,1.764020202
2.55,1.376265261
2.555,0.960610401
2.56,0.542278227
2.565,0.16680131
2.57,-0.204370586
2.575,-0.526018801
2.58,-0.857826902
2.585,-1.110014714
2.59,-1.375088463
2.595,-1.53209293
2.6,-1.690176128
2.605,-1.724695536
2.61,-1.761862739
2.615,-1.667228567
2.62,-1.559845749
2.625,-1.322720952
2.63,-1.088243951
2.635,-0.755474896
2.64,-0.422548935
2.645,-0.021577572
2.65,0.396933965
2.655,0.848942077
2.66,1.272020572
2.665,1.669189897
2.67,2.054198976
2.675,2.391449669
2.68,2.71055806
2.685,2.966511625
2.69,3.229231779
2.695,3.415950395
2.7,3.612279528
2.705,3.724663737
2.71,3.859701307
2.715,3.918345074
2.72,3.984245762
2.725,3.971006785
2.73,3.965907327
2.735,3.896476245
2.74,3.833027219
2.745,3.71083636
2.75,3.588547435
2.755,3.417617525
2.76,3.232664106
2.765,3.009268619
2.77,2.774497418
2.775,2.522074247
2.78,2.262492222
2.785,1.990553817
2.79,1.710181694
2.795,1.440302686
2.8,1.160224762
2.805,0.908497863
2.81,0.646238622
2.815,0.426971734
2.82,0.19604474
2.825,-0.009418797
2.83,-0.222169656
2.835,-0.376585167
2.84,-0.540562161
2.845,-0.689230975
2.85,-0.83965518
2.855,-0.96693569
2.86,-1.099521598
2.865,-1.220535659
2.87,-1.342824585
2.875,-1.45952372
2.88,-1.574457658
2.885,-1.699296312
2.89,-1.822762036
2.895,-1.959957069
2.9,-2.092542977
2.905,-2.241407924
2.91,-2.387036677
2.915,-2.543452744
2.92,-2.696240351
2.925,-2.848929892
2.93,-2.998383238
2.935,-3.133715008
2.94,-3.266595115
2.945,-3.370741738
2.95,-3.473907696
2.955,-3.532943729
2.96,-3.589822299
2.965,-3.590802964
2.97,-3.588253235
2.975,-3.535689591
2.98,-3.473025098
2.985,-3.342890852
2.99,-3.206872617
2.995,-2.993087647
3,-2.771947689
3.005,-2.521289715
3.01,-2.26955301
3.015,-1.98878862
3.02,-1.699002113
3.025,-1.389504239
3.03,-1.084125158
3.035,-0.748492561
3.04,-0.409780677
3.045,-0.057862177
3.05,0.284098651
3.055,0.629282924
3.06,0.967072983
3.065,1.300067591
3.07,1.626432903
3.075,1.942108966
3.08,2.25190104
3.085,2.539530084
3.09,2.822550003
3.095,3.069677583
3.1,3.310823107
3.105,3.499797252
3.11,3.686908134
3.115,3.810569991
3.12,3.93668351
3.125,3.992091082
3.13,4.043674061
3.135,4.013469579
3.14,3.984343829
3.145,3.880099139
3.15,3.777619647
3.155,3.609729799
3.16,3.446154877
3.165,3.233840904
3.17,3.026234124
3.175,2.788520928
3.18,2.555711057
3.185,2.303484019
3.19,2.054395109
3.195,1.814132184
3.2,1.58112618
3.205,1.371067737
3.21,1.165912619
3.215,0.993021379
3.22,0.823111361
3.225,0.684817983
3.23,0.54320015
3.235,0.434160009
3.24,0.327895149
3.245,0.25494348
3.25,0.186336157
3.255,0.140637168
3.26,0.095891385
3.265,0.066256669
3.27,0.038436184
3.275,0.021493235
3.28,0.002369091
3.285,-0.026325952
3.29,-0.05143686
3.295,-0.085839569
3.3,-0.122906744
3.305,-0.171939994
3.31,-0.208263826
3.315,-0.268947376
3.32,-0.334985357
3.325,-0.425961649
3.33,-0.530765318
3.335,-0.65894804
3.34,-0.799663661
3.345,-0.964042728
3.35,-1.132570009
3.355,-1.294281667
3.36,-1.459719853
3.365,-1.604171807
3.37,-1.751565757
3.375,-1.862969301
3.38,-1.97731484
3.385,-2.045765257
3.39,-2.119609331
3.395,-2.13225991
3.4,-2.14010523
3.405,-2.082245995
3.41,-2.026936489
3.415,-1.910825753
3.42,-1.791282689
3.425,-1.614076524
3.43,-1.429025038
3.435,-1.203962421
3.44,-1.285749882
3.445,-1.047448287
3.45,-0.80795028
3.455,-0.56474536
3.46,-0.316529242
3.465,-0.076320254
3.47,0.171371209
3.475,0.38450894
3.48,0.60016698
3.485,0.760182088
3.49,0.923600104
3.495,1.020479999
3.5,1.115506438
3.505,1.134335206
3.51,1.155909836
3.515,1.102855859
3.52,1.056764604
3.525,0.946979157
3.53,0.838654901
3.535,0.678728053
3.54,0.519095404
3.545,0.325198321
3.55,0.129938113
3.555,-0.073399833
3.56,-0.289560955
3.565,-0.493068555
3.57,-0.697292042
3.575,-0.851835039
3.58,-1.005181625
3.585,-1.091970478
3.59,-1.181603259
3.595,-1.189644712
3.6,-1.201118492
3.605,-1.125116955
3.61,-1.051861279
3.615,-0.90227064
3.62,-0.756161362
3.625,-0.551182763
3.63,-0.355785262
3.635,-0.130114632
3.64,0.10178322
3.645,0.328444322
3.65,0.552879314
3.655,0.739372377
3.66,0.921089601
3.665,1.02410846
3.67,1.12580342
3.675,1.124724689
3.68,1.115212238
3.685,0.981939865
3.69,0.856973724
3.695,0.625477944
3.7,0.397041839
3.705,0.067733551
3.71,-0.260778437
3.715,-0.663969045
3.72,-1.062942794
3.725,-1.502869113
3.73,-1.941422501
3.735,-2.378504891
3.74,-2.810487824
3.745,-3.199811829
3.75,-3.586193839
3.755,-3.892945851
3.76,-4.192244809
3.765,-4.38190542
3.77,-4.567153038
3.775,-4.623541276
3.78,-4.682381176
3.785,-4.612852027
3.79,-4.542930613
3.795,-4.345915014
3.8,-4.147624551
3.805,-3.838518943
3.81,-3.527059739
3.815,-3.127634885
3.82,-2.726444833
3.825,-2.263472887
3.83,-1.798931876
3.835,-1.301244389
3.84,-0.801821124
3.845,-0.295631271
3.85,0.215559974
3.855,0.710040687
3.86,1.206414083
3.865,1.666345968
3.87,2.12804305
3.875,2.537862954
3.88,2.949448054
3.885,3.297682196
3.89,3.644739539
3.895,3.919227673
3.9,4.195186804
3.905,4.396517328
3.91,4.598828518
3.915,4.726413034
3.92,4.854978216
3.925,4.908816724
3.93,4.962851366
3.935,4.951083386
3.94,4.940394137
3.945,4.87194372
3.95,4.803689436
3.955,4.6875787
3.96,4.571566031
3.965,4.419562956
3.97,4.267363748
3.975,4.090844048
3.98,3.915010813
3.985,3.724075338
3.99,3.535493458
3.995,3.339458525
4,3.14989598
4.005,2.954155246
4.01,2.774889684
4.015,2.591603396
4.02,2.407532575
4.025,2.221990757
4.03,2.035566341
4.035,1.845807663
4.04,1.654774121
4.045,1.458346922
4.05,1.260644858
4.055,1.056176205
4.06,0.850089455
4.065,0.637746063
4.07,0.423578633
4.075,0.212176679
4.08,-0.002656523
4.085,-0.201310911
4.09,-0.401297925
4.095,-0.593831884
4.1,-0.787817228
4.105,-0.966916077
4.11,-1.147574183
4.115,-1.307618711
4.12,-1.469232303
4.125,-1.599562682
4.13,-1.731560191
4.135,-1.826978895
4.14,-1.924162797
4.145,-1.977510973
4.15,-2.032526279
4.155,-2.039979333
4.16,-2.060769431
4.165,-2.032035947
4.17,-2.004675393
4.175,-1.929752587
4.18,-1.859438907
4.185,-1.737346114
4.19,-1.617508851
4.195,-1.459719853
4.2,-1.303303785
4.205,-1.116781302
4.21,-0.931621943
4.215,-0.724887955
4.22,-0.518379519
4.225,-0.298534039
4.23,-0.080111505
4.235,0.143343803
4.24,0.36653335
4.245,0.583691808
4.25,0.803596128
4.255,1.010771416
4.26,1.222300856
4.265,1.416276393
4.27,1.614370723
4.275,1.781574106
4.28,1.954171146
4.285,2.086364788
4.29,2.216989366
4.295,2.300247824
4.3,2.392332268
4.305,2.437344791
4.31,2.482357315
4.315,2.460292352
4.32,2.439796454
4.325,2.347123611
4.33,2.250430042
4.335,2.091562312
4.34,1.926516393
4.345,1.70861263
4.35,1.48864947
4.355,1.22583125
4.36,0.960855567
4.365,0.666332448
4.37,0.369769545
4.375,0.059899018
4.38,-0.251972065
4.385,-0.559459576
4.39,-0.868545571
4.395,-1.154536905
4.4,-1.442656282
4.405,-1.690274194
4.41,-1.93975537
4.415,-2.133534774
4.42,-2.331040705
4.425,-2.470589335
4.43,-2.613766425
4.435,-2.689767962
4.44,-2.764592702
4.445,-2.76939796
4.45,-2.774497418
4.455,-2.717324649
4.46,-2.660446079
4.465,-2.55394586
4.47,-2.447445641
4.475,-2.307602812
4.48,-2.16726965
4.485,-2.011834248
4.49,-1.855810446
4.495,-1.702826706
4.5,-1.548371969
4.505,-1.412549866
4.51,-1.275354833
4.515,-1.171012077
4.52,-1.061177597
4.525,-0.987823855
4.53,-0.911704637
4.535,-0.879489792
4.54,-0.843872039
4.545,-0.850285588
4.55,-0.854561288
4.555,-0.897102535
4.56,-0.937349027
4.565,-1.006946822
4.57,-1.074220441
4.575,-1.160420895
4.58,-1.244071619
4.585,-1.336352196
4.59,-1.425984977
4.595,-1.515127425
4.6,-1.601720145
4.605,-1.680663677
4.61,-1.757057481
4.615,-1.820212307
4.62,-1.876698611
4.625,-1.915140679
4.63,-1.951033018
4.635,-1.970057919
4.64,-1.986729224
4.645,-1.986042758
4.65,-1.983100763
4.655,-1.962997131
4.66,-1.940736035
4.665,-1.901803635
4.67,-1.861106037
4.675,-1.804521667
4.68,-1.748133429
4.685,-1.677329416
4.69,-1.604956339
4.695,-1.517873287
4.7,-1.430496036
4.705,-1.332723735
4.71,-1.240639292
4.715,-1.140807595
4.72,-1.040191366
4.725,-0.935887836
4.73,-0.830966488
4.735,-0.722387259
4.74,-0.612101673
4.745,-0.489312608
4.75,-0.3568738
4.755,-0.22742602
4.76,-0.093836892
4.765,0.039782637
4.77,0.162123538
4.775,0.279891598
4.78,0.392520973
4.785,0.490430567
4.79,0.583593742
4.795,0.672108564
4.8,0.755876969
4.805,0.817550991
4.81,0.870497094
4.815,0.921638774
4.82,0.961434159
4.825,0.985666392
4.83,1.006260357
4.835,1.023029728
4.84,1.03587644
4.845,1.041270097
4.85,1.04538889
4.855,1.043329494
4.86,1.040289432
4.865,1.029894383
4.87,1.021558731
4.875,1.004985492
4.88,0.996551773
4.885,0.980184474
4.89,0.96318955
4.895,0.941624726
4.9,0.911714444
4.905,0.87487086
4.91,0.834732241
4.915,0.79044541
4.92,0.746952917
4.925,0.70587286
4.93,0.666126508
4.935,0.63178362
4.94,0.598960762
4.945,0.574238295
4.95,0.551202377
4.955,0.538492958
4.96,0.527646803
4.965,0.528823601
4.97,0.530343534
4.975,0.544994767
4.98,0.561842592
4.985,0.592400113
4.99,0.621084564
4.995,0.66304722
5,0.706127833
5.005,0.762123805
5.01,0.819934007
5.015,0.879823218
5.02,0.939516297
5.025,0.998905369
5.03,1.054214875
5.035,1.09442214
5.04,1.134923605
5.045,1.168658481
5.05,1.203275955
5.055,1.227106115
5.06,1.250053676
5.065,1.258291262
5.07,1.268784377
5.075,1.262900387
5.08,1.25946806
5.085,1.240541225
5.09,1.224066053
5.095,1.192978973
5.1,1.157969232
5.105,1.107072719
5.11,1.03362091
5.115,0.949891732
5.12,0.84726514
5.125,0.749904719
5.13,0.649190423
5.135,0.547289523
5.14,0.446516388
5.145,0.354784984
5.15,0.263622365
5.155,0.182678276
5.16,0.093836892
5.165,-0.001738719
5.17,-0.108128123
5.175,-0.207498907
5.18,-0.307114858
5.185,-0.406926942
5.19,-0.505709327
5.195,-0.608512341
5.2,-0.710099527
5.205,-0.818433589
5.21,-0.910959332
5.215,-1.013026945
5.22,-1.113839307
5.225,-1.228675179
5.23,-1.334194733
5.235,-1.429711504
5.24,-1.521894014
5.245,-1.608094467
5.25,-1.691352926
5.255,-1.761078207
5.26,-1.827371161
5.265,-1.867382293
5.27,-1.905235962
5.275,-1.915434878
5.28,-1.925045395
5.285,-1.905137896
5.29,-1.869539756
5.295,-1.795695682
5.3,-1.719007679
5.305,-1.616233987
5.31,-1.509537635
5.315,-1.389602305
5.32,-1.264959784
5.325,-1.130510612
5.33,-0.994590443
5.335,-0.859131187
5.34,-0.721494854
5.345,-0.595803021
5.35,-0.469424722
5.355,-0.358540931
5.36,-0.244244425
5.365,-0.157788999
5.37,-0.069807657
5.375,-0.014435389
5.38,0.042287255
5.385,0.064661127
5.39,0.087793053
5.395,0.076696829
5.4,0.066570482
5.405,0.02604254
5.41,-0.0137146
5.415,-0.079048464
5.42,-0.143520323
5.425,-0.217217298
5.43,-0.2903651
5.435,-0.371358222
5.44,-0.450233108
5.445,-0.533736733
5.45,-0.617328618
5.455,-0.700763596
5.46,-0.78456142
5.465,-0.861121937
5.47,-0.938368919
5.475,-1.001258965
5.48,-1.065198323
5.485,-1.107759184
5.49,-1.151692976
5.495,-1.168070082
5.5,-1.185623985
5.505,-1.170423678
5.51,-1.159538296
5.515,-1.111191512
5.52,-1.064609924
5.525,-0.983312796
5.53,-0.90405545
5.535,-0.795074149
5.54,-0.688446443
5.545,-0.55318332
5.55,-0.420518959
5.555,-0.27268371
5.56,-0.130448058
5.565,0.017010615
5.57,0.175803815
5.575,0.328395289
5.58,0.477564242
5.585,0.608659539
5.59,0.734557312
5.595,0.839704213
5.6,0.94146782
5.605,1.018420603
5.61,1.091872411
5.615,1.141690193
5.62,1.187977581
5.625,1.213965204
5.63,1.236324366
5.635,1.244463885
5.64,1.249073011
5.645,1.246817481
5.65,1.240933491
5.655,1.240933491
5.66,1.236324366
5.665,1.241129624
5.67,1.242404489
5.675,1.260546791
5.68,1.2751587
5.685,1.311149105
5.69,1.339980656
5.695,1.397055359
5.7,1.450795801
5.705,1.521207548
5.71,1.585441106
5.715,1.670464761
5.72,1.752350289
5.725,1.842179203
5.73,1.931223585
5.735,2.020366033
5.74,2.102153494
5.745,2.176291768
5.75,2.253077838
5.755,2.310054474
5.76,2.366246579
5.765,2.391449669
5.77,2.414985629
5.775,2.402825383
5.78,2.391351603
5.785,2.337807294
5.79,2.28328232
5.795,2.20061226
5.8,2.120884196
5.805,2.003400529
5.81,1.884641997
5.815,1.730873725
5.82,1.576811254
5.825,1.399801221
5.83,1.232205573
5.835,1.061471796
5.84,0.893758468
5.845,0.725270414
5.85,0.560724732
5.855,0.40418108
5.86,0.244116938
5.865,0.105931433
5.87,-0.0132125
5.875,-0.103116925
5.88,-0.191053155
5.885,-0.25110908
5.89,-0.304888749
5.895,-0.333112287
5.9,-0.360845493
5.905,-0.365474232
5.91,-0.369475345
5.915,-0.356285401
5.92,-0.342183438
5.925,-0.332180655
5.93,-0.319128004
5.935,-0.302839159
5.94,-0.287452525
5.945,-0.281617568
5.95,-0.271026386
5.955,-0.271595172
5.96,-0.27081064
5.965,-0.285854041
5.97,-0.295356685
5.975,-0.323756743
5.98,-0.360266901
5.985,-0.416459006
5.99,-0.481506515
5.995,-0.565539699
6,-0.648376471
6.005,-0.747825709
6.01,-0.844293725
6.015,-0.951911902
6.02,-1.057647203
6.025,-1.175327003
6.03,-1.28888801
6.035,-1.43402643
6.04,-1.566514271
6.045,-1.697727248
6.05,-1.826978895
6.055,-1.950542685
6.06,-2.072145145
6.065,-2.183450623
6.07,-2.29279477
6.075,-2.38693861
6.08,-2.47912112
6.085,-2.550709665
6.09,-2.619846548
6.095,-2.664466805
6.1,-2.707125733
6.105,-2.721345375
6.11,-2.733505621
6.115,-2.715461385
6.12,-2.695455819
6.125,-2.645539971
6.13,-2.593858925
6.135,-2.515994124
6.14,-2.436167993
6.145,-2.335649831
6.15,-2.234151003
6.155,-2.12019773
6.16,-2.004871526
6.165,-1.886014928
6.17,-1.765197
6.175,-1.650361129
6.18,-1.53376006
6.185,-1.430397969
6.19,-1.326839745
6.195,-1.247209747
6.2,-1.167089417
6.205,-1.108053384
6.21,-1.047546353
6.215,-1.012634679
6.22,-0.975791095
6.225,-0.95329464
6.23,-0.929601773
6.235,-0.912606849
6.24,-0.894042861
6.245,-0.874615887
6.25,-0.856807011
6.255,-0.825249211
6.26,-0.794407297
6.265,-0.741019894
6.27,-0.688868129
6.275,-0.612621426
6.28,-0.547593529
6.285,-0.452204245
6.29,-0.356216755
6.295,-0.228838178
6.3,-0.102832532
6.305,0.050341457
6.31,0.190788376
6.315,0.338692271
6.32,0.487155145
6.325,0.645120664
6.33,0.80622431
6.335,0.964130988
6.34,1.097364135
6.345,1.223771854
6.35,1.349591173
6.355,1.462171515
6.36,1.564552941
6.365,1.652518592
6.37,1.73185439
6.375,1.789223293
6.38,1.841786937
6.385,1.874835347
6.39,1.899155839
6.395,1.883072933
6.4,1.864146099
6.405,1.829626691
6.41,1.795009216
6.415,1.746466299
6.42,1.694000721
6.425,1.639769947
6.43,1.573182793
6.435,1.505320775
6.44,1.431378634
6.445,1.34939504
6.45,1.270353441
6.455,1.192096374
6.46,1.114918039
6.465,1.036464839
6.47,0.960777114
6.475,0.883628198
6.48,0.809058432
6.485,0.735694883
6.49,0.671196546
6.495,0.604423066
6.5,0.539738403
6.505,0.472611883
6.51,0.409594351
6.515,0.354657497
6.52,0.301299515
6.525,0.246911834
6.53,0.195220982
6.535,0.151453903
6.54,0.109530474
6.545,0.075817172
6.55,0.043923005
6.555,0.01805012
6.56,-0.001894841
6.565,-0.015210114
6.57,-0.026619171
6.575,-0.02977397
6.58,-0.030989995
6.585,-0.022604328
6.59,-0.012295578
6.595,0.008757927
6.6,0.031733339
6.605,0.066150758
6.61,0.102430459
6.615,0.150139812
6.62,0.199633974
6.625,0.259984098
6.63,0.322942791
6.635,0.394972635
6.64,0.470699587
6.645,0.552996994
6.65,0.638746341
6.655,0.725260607
6.66,0.813079158
6.665,0.896112064
6.67,0.980370801
6.675,1.053822609
6.68,1.128157016
6.685,1.186114318
6.69,1.244856151
6.695,1.282415621
6.7,1.320465423
6.705,1.334096666
6.71,1.347825976
6.715,1.335763797
6.72,1.323603551
6.725,1.286534414
6.73,1.248974944
6.735,1.189546645
6.74,1.128745415
6.745,1.051861279
6.75,0.973427692
6.755,0.884599057
6.76,0.795701774
6.765,0.701538321
6.77,0.605854837
6.775,0.511514864
6.78,0.415380274
6.785,0.326522218
6.79,0.23363363
6.795,0.154641064
6.8,0.074104931
6.805,0.017147908
6.81,-0.042421607
6.815,-0.081212791
6.82,-0.122033953
6.825,-0.140558714
6.83,-0.162368704
6.835,-0.162015665
6.84,-0.164967466
6.845,-0.147903895
6.85,-0.134478591
6.855,-0.103214991
6.86,-0.073692071
6.865,-0.022232656
6.87,0.023549689
6.875,0.076390862
6.88,0.125652606
6.885,0.177245392
6.89,0.22929909
6.895,0.282617846
6.9,0.337888126
6.905,0.378320944
6.91,0.415017428
6.915,0.4429958
6.92,0.467914498
6.925,0.483183452
6.93,0.495039692
6.935,0.741971139
6.94,0.727349424
6.945,0.703646751
6.95,0.677041309
6.955,0.641511816
6.96,0.60215773
6.965,0.579592628
6.97,0.55526233
6.975,0.522174693
6.98,0.482644086
6.985,0.434797441
6.99,0.383949961
6.995,0.319716403
7,0.254600247
7.005,0.183600101
7.01,0.110648432
7.015,0.043518971
7.02,-0.02641225
7.025,-0.096951484
7.03,-0.168978386
7.035,-0.238801734
7.04,-0.309841107
7.045,-0.376379227
7.05,-0.443898012
7.055,-0.505493581
7.06,-0.567785422
7.065,-0.623840233
7.07,-0.680306924
7.075,-0.731075951
7.08,-0.781217352
7.085,-0.827720487
7.09,-0.863259786
7.095,-0.890012327
7.1,-0.915980337
7.105,-0.941104974
7.11,-0.965651019
7.115,-0.989687118
7.12,-1.008025554
7.125,-1.029109851
7.13,-1.049213484
7.135,-1.071082313
7.14,-1.086282621
7.145,-1.104424923
7.15,-1.114427706
7.155,-1.12805895
7.16,-1.136394602
7.165,-1.148652915
7.17,-1.153163974
7.175,-1.150320045
7.18,-1.145024454
7.185,-1.144141856
7.19,-1.141592127
7.195,-1.143259257
7.2,-1.139728863
7.205,-1.140121129
7.21,-1.123940157
7.215,-1.110995379
7.22,-1.100011931
7.225,-1.09246081
7.23,-1.085792288
7.235,-1.081575429
7.24,-1.075985638
7.245,-1.072357178
7.25,-1.067355786
7.255,-1.065100257
7.26,-1.062256328
7.265,-1.059804666
7.27,-1.056274272
7.275,-1.053136144
7.28,-1.048723151
7.285,-1.043525627
7.29,-1.037249371
7.295,-1.03195378
7.3,-1.02577559
7.305,-1.016949605
7.31,-1.007241022
7.315,-0.993511712
7.32,-0.978899803
7.325,-0.958727524
7.33,-0.938751378
7.335,-0.913940553
7.34,-0.888198097
7.345,-0.853629656
7.35,-0.820218399
7.355,-0.781599812
7.36,-0.742010366
7.365,-0.69264369
7.37,-0.64308088
7.375,-0.593586718
7.38,-0.555193683
7.385,-0.50821983
7.39,-0.46067719
7.395,-0.409005952
7.4,-0.357158193
7.405,-0.30415325
7.41,-0.2468628
7.415,-0.192837966
7.42,-0.144746154
7.425,-0.103783777
7.43,-0.067236344
7.435,-0.054492612
7.44,-0.041107515
7.445,-0.038171404
7.45,-0.0342713
7.455,-0.039413907
7.46,-0.045780384
7.465,-0.060147126
7.47,-0.074724712
7.475,-0.079571158
7.48,-0.090040738
7.485,-0.107186685
7.49,-0.125927193
7.495,-0.138332605
7.5,-0.149708319
7.505,-0.149884839
7.51,-0.151100863
7.515,-0.146727097
7.52,-0.145207067
7.525,-0.131948476
7.53,-0.106304086
7.535,-0.089487643
7.54,-0.074100028
7.545,-0.050156111
7.55,-0.028909024
7.555,-0.012531918
7.56,-0.003650918
7.565,0.011185465
7.57,0.02057239
7.575,0.03844501
7.58,0.056014604
7.585,0.081319684
7.59,0.107824117
7.595,0.138911197
7.6,0.161407652
7.605,0.182187944
7.61,0.202301383
7.615,0.22932851
7.62,0.261396256
7.625,0.296896329
7.63,0.333896819
7.635,0.370828663
7.64,0.409476671
7.645,0.446261415
7.65,0.485203622
7.655,0.518840432
7.66,0.553761912
7.665,0.580632035
7.67,0.60774752
7.675,0.625350457
7.68,0.643983092
7.685,0.654211428
7.69,0.66471435
7.695,0.667774025
7.7,0.671108286
7.705,0.667322919
7.71,0.662919733
7.715,0.656751351
7.72,0.651377306
7.725,0.64557177
7.73,0.638157942
7.735,0.636039706
7.74,0.632215112
7.745,0.63555918
7.75,0.639932946
7.755,0.653632836
7.76,0.66468493
7.765,0.687505005
7.77,0.711354778
7.775,0.748767147
7.78,0.786993469
7.785,0.836193432
7.79,0.885550302
7.795,0.943615476
7.8,1.004397093
7.805,1.069120983
7.81,1.134629405
7.815,1.198568763
7.82,1.263488786
7.825,1.321053822
7.83,1.378913057
7.835,1.42225845
7.84,1.466290308
7.845,1.492375997
7.85,1.519442351
7.855,1.524737942
7.86,1.530916132
7.865,1.513656428
7.87,1.497769655
7.875,1.458150789
7.88,1.419414521
7.885,1.360280422
7.89,1.305657381
7.895,1.233382371
7.9,1.162088025
7.905,1.082065761
7.91,1.002729963
7.915,0.915136965
7.92,0.819580967
7.925,0.729281334
7.93,0.63945242
7.935,0.558253358
7.94,0.477711341
7.945,0.41208524
7.95,0.34739077
7.955,0.299465671
7.96,0.249687116
7.965,0.232339152
7.97,0.215295194
7.975,0.21773705
7.98,0.221179184
7.985,0.236997311
7.99,0.252570271
7.995,0.270388954
8,0.293669941
8.005,0.31214567
8.01,0.324541275
8.015,0.336250415
8.02,0.361208339
8.025,0.406328736
8.03,0.439857672
8.035,0.462050121
8.04,0.47672087
8.045,0.478221287
8.05,0.482977513
8.055,0.460863517
8.06,0.432404618
8.065,0.381439458
8.07,0.328699295
8.075,0.254286435
8.08,0.179697055
8.085,0.085122703
8.09,-0.010127327
8.095,-0.123524563
8.1,-0.236634465
8.105,-0.362659724
8.11,-0.489136089
8.115,-0.623801007
8.12,-0.758622831
8.125,-0.894405707
8.13,-1.030678915
8.135,-1.162970624
8.14,-1.294772
8.145,-1.412745999
8.15,-1.531210331
8.155,-1.633101425
8.16,-1.734894452
8.165,-1.811288255
8.17,-1.882680667
8.175,-1.927791257
8.18,-1.972117315
8.185,-1.988102155
8.19,-2.005361859
8.195,-1.993888078
8.2,-1.98290463
8.205,-1.944658695
8.21,-1.907491492
8.215,-1.84590573
8.22,-1.785496766
8.225,-1.704984169
8.23,-1.625550304
8.235,-1.531210331
8.24,-1.438047156
8.245,-1.335763797
8.25,-1.234657235
8.255,-1.13002028
8.26,-1.025971723
8.265,-0.92381585
8.27,-0.823003488
8.275,-0.72934998
8.28,-0.640178112
8.285,-0.563352816
8.29,-0.486753073
8.295,-0.423902253
8.3,-0.362483204
8.305,-0.317294161
8.31,-0.273566308
8.315,-0.245636969
8.32,-0.222150042
8.325,-0.212961211
8.33,-0.205272798
8.335,-0.20977405
8.34,-0.215010801
8.345,-0.227582927
8.35,-0.241527983
8.355,-0.259052466
8.36,-0.277224189
8.365,-0.293973947
8.37,-0.318421926
8.375,-0.336995721
8.38,-0.356913027
8.385,-0.367072716
8.39,-0.378065971
8.395,-0.372162368
8.4,-0.365837078
8.405,-0.343458303
8.41,-0.321207014
8.415,-0.286452247
8.42,-0.255482846
8.425,-0.195848607
8.43,-0.154405704
8.435,-0.091965783
8.44,-0.030158391
8.445,0.052065466
8.45,0.13357638
8.455,0.232456832
8.46,0.332523888
8.465,0.448006999
8.47,0.563039003
8.475,0.686426273
8.48,0.808940752
8.485,0.935750543
8.49,1.062354395
8.495,1.186506584
8.5,1.310560706
8.505,1.419120322
8.51,1.526699272
8.515,1.615449455
8.52,1.703611238
8.525,1.766766064
8.53,1.830018957
8.535,1.8632635
8.54,1.896998376
8.545,1.893271849
8.55,1.890329854
8.555,1.853849116
8.56,1.818545176
8.565,1.752056089
8.57,1.687626399
8.575,1.59681682
8.58,1.507772438
8.585,1.398526357
8.59,1.291045473
8.595,1.170521744
8.6,1.052155479
8.605,0.928268069
8.61,0.806557736
8.615,0.686151687
8.62,0.567971748
8.625,0.456617237
8.63,0.347812456
8.635,0.24900065
8.64,0.152434568
8.645,0.066506749
8.65,-0.017410726
8.655,-0.091742191
8.66,-0.163368982
8.665,-0.224856678
8.67,-0.283990777
8.675,-0.340741861
8.68,-0.395855234
8.685,-0.452439604
8.69,-0.506670379
8.695,-0.565971191
8.7,-0.622869375
8.705,-0.687004866
8.71,-0.748669081
8.715,-0.818119776
8.72,-0.885040356
8.725,-0.958521584
8.73,-1.029404051
8.735,-1.104621056
8.74,-1.179739995
8.745,-1.257114464
8.75,-1.331939203
8.755,-1.401958684
8.76,-1.46933037
8.765,-1.526993472
8.77,-1.581420379
8.775,-1.627805834
8.78,-1.682232741
8.785,-1.721263208
8.79,-1.757940079
8.795,-1.777651446
8.8,-1.795401482
8.805,-1.798343477
8.81,-1.8047178
8.815,-1.797460879
8.82,-1.788536827
8.825,-1.76911966
8.83,-1.748329562
8.835,-1.720870942
8.84,-1.688508997
8.845,-1.650164996
8.85,-1.608977066
8.855,-1.569456266
8.86,-1.528954802
8.865,-1.490022401
8.87,-1.449520937
8.875,-1.406665876
8.88,-1.357436493
8.885,-1.309776174
8.89,-1.263194587
8.895,-1.217495598
8.9,-1.164539688
8.905,-1.111583778
8.91,-1.059020134
8.915,-1.005083559
8.92,-0.95127447
8.925,-0.893483882
8.93,-0.83579136
8.935,-0.77267576
8.94,-0.709903394
8.945,-0.640315405
8.95,-0.571423689
8.955,-0.494088447
8.96,-0.41589022
8.965,-0.328208962
8.97,-0.241527983
8.975,-0.145511073
8.98,-0.050725878
8.985,0.053050054
8.99,0.155347143
8.995,0.265720988
9,0.378664176
9.005,0.500629483
9.01,0.618789808
9.015,0.691378632
9.02,0.768184314
9.025,0.848667491
9.03,0.930209786
9.035,0.996845973
9.04,1.063825392
9.045,1.129628014
9.05,1.193469305
9.055,1.254957001
9.06,1.3143853
9.065,1.368812207
9.07,1.421375851
9.075,1.46736904
9.08,1.511498965
9.085,1.548371969
9.09,1.587598569
9.095,1.615939787
9.1,1.641535144
9.105,1.663894306
9.11,1.683801805
9.115,1.692039391
9.12,1.703317039
9.125,1.703218972
9.13,1.701846041
9.135,1.69066646
9.14,1.701061509
9.145,1.686253468
9.15,1.667718899
9.155,1.642123543
9.16,1.615547521
9.165,1.583773975
9.17,1.553765626
9.175,1.526797339
9.18,1.499044519
9.185,1.472860764
9.19,1.445107944
9.195,1.414609263
9.2,1.378128525
9.205,1.344393649
9.21,1.309678108
9.215,1.276531631
9.22,1.242600622
9.225,1.21043481
9.23,1.177484466
9.235,1.146397385
9.24,1.114525773
9.245,1.080888963
9.25,1.041073964
9.255,1.007535221
9.26,0.976271621
9.265,0.946331918
9.27,0.915960723
9.275,0.886805553
9.28,0.858984087
9.285,0.831711793
9.29,0.802958695
9.295,0.774352697
9.3,0.750169498
9.305,0.725731327
9.31,0.700449783
9.315,0.672579284
9.32,0.643698699
9.325,0.613484411
9.33,0.58277979
9.335,0.549123367
9.34,0.515251198
9.345,0.478613553
9.35,0.441730743
9.355,0.392854399
9.36,0.359894248
9.365,0.323668483
9.37,0.284579176
9.375,0.241018037
9.38,0.197780517
9.385,0.150296718
9.39,0.102322586
9.395,0.050663115
9.4,0.007609078
9.405,-0.038043918
9.41,-0.083263362
9.415,-0.130801098
9.42,-0.177843598
9.425,-0.225709856
9.43,-0.272997523
9.435,-0.320098863
9.44,-0.36656277
9.445,-0.411918527
9.45,-0.456607431
9.455,-0.499393845
9.46,-0.541493891
9.465,-0.581063626
9.47,-0.619946993
9.475,-0.655819719
9.48,-0.690996172
9.485,-0.722848172
9.49,-0.754003899
9.495,-0.781609618
9.5,-0.811000148
9.505,-0.833839836
9.51,-0.830868421
9.515,-0.824229319
9.52,-0.816972398
9.525,-0.807911054
9.53,-0.790759223
9.535,-0.773283772
9.54,-0.758289405
9.545,-0.740784534
9.55,-0.723044305
9.555,-0.703019125
9.56,-0.682856653
9.565,-0.660811304
9.57,-0.638716921
9.575,-0.615102508
9.58,-0.591546935
9.585,-0.566235971
9.59,-0.541072107
9.595,-0.515055065
9.6,-0.489273382
9.605,-0.462981753
9.61,-0.437396203
9.615,-0.414507482
9.62,-0.391961994
9.625,-0.370995376
9.63,-0.354520204
9.635,-0.338447105
9.64,-0.322746658
9.645,-0.30769345
9.65,-0.292826569
9.655,-0.278793253
9.66,-0.265122783
9.665,-0.253835329
9.67,-0.242871494
9.675,-0.232868711
9.68,-0.223179741
9.685,-0.214373369
9.69,-0.20614559
9.695,-0.212794498
9.7,-0.216540639
9.705,-0.224405572
9.71,-0.232535285
9.715,-0.240969004
9.72,-0.249657696
9.725,-0.258464067
9.73,-0.266662427
9.735,-0.269467129
9.74,-0.27057528
9.745,-0.271624592
9.75,-0.273026943
9.755,-0.024924582
9.76,-0.015361137
9.765,-0.00996944
9.77,-0.007255744
9.775,-0.006340882
9.78,-0.005458283
9.785,-0.003561775
9.79,0.00101391
9.795,0.004687579
9.8,0.008245726
9.805,0.011408076
9.81,0.014421659
9.815,0.016774275
9.82,0.020235042
9.825,0.024634305
9.83,0.022514107
9.835,0.019988895
9.84,0.017523503
9.845,0.01473253
9.85,0.012050412
9.855,0.009146172
9.86,0.006390798
9.865,3.52E-03
9.87,6.43E-03
9.875,6.84E-03
9.88,4.95E-03
9.885,3.05E-03
9.89,1.34E-03
9.895,-2.45E-04
9.9,-1.65E-03
9.905,-0.002891197
9.91,-0.003969536
9.915,-0.004876651
9.92,-0.005645198
9.925,-0.00625272
9.93,-0.006751584
9.935,-0.007115999
9.94,-0.007401961
9.945,-0.007588484
9.95,-0.007724012
9.955,-0.007796189
9.96,-0.007839926
9.965,-0.007850812
9.97,-0.007849831
9.975,-0.007838161
9.98,-0.007825707
9.985,-0.0078159
9.99,-0.007813154
9.995,-0.007820901
10,-0.007842476
